Personnummer,iban
400118-5901,SE8902EPWK73250364544965
400118-5901,SE8902IDSK51225196610969
391117-9285,SE8902OGIV86383792142837
391117-9285,SE8902QZEZ52320024971424
981215-7254,SE8902DWZI85436013187521
981215-7254,SE8902UJGR36411837401781
981215-7254,SE8902VAPD72818464374400
981215-7254,SE8902VEIB72029945509184
981215-7254,SE8902CHSI75448480838708
960709-2138,SE8902XPHQ15953762308017
960709-2138,SE8902VBHN50052224387585
480306-8115,SE8902URSS59260219235990
940125-0585,SE8902IQRO13056391101908
410710-9094,SE8902GXLB05514229654020
410710-9094,SE8902KWAF90270853352878
410710-9094,SE8902MLNA56994057710583
410710-9094,SE8902JIJC96071565969922
970509-1354,SE8902BWXT39949824641151
970509-1354,SE8902TKNC87869236455689
970509-1354,SE8902PSRJ65756431691707
460430-5393,SE8902SILE68578227700598
460430-5393,SE8902UTKP18439002370878
460430-5393,SE8902HQID54921038055598
050129-1702,SE8902CMWE25531271390672
650907-0865,SE8902ZWKL91581622045409
650907-0865,SE8902NHEC01255630352421
970320-1955,SE8902HRZI51889347255465
970320-1955,SE8902AVQC54172602808950
390120-3251,SE8902YHDH55973704252760
390120-3251,SE8902BABM26306156053804
390120-3251,SE8902UNAU13611272599268
870510-7632,SE8902ZJVA11817265425330
890713-4053,SE8902JFQL02168511886094
890713-4053,SE8902COVG23577172278709
890713-4053,SE8902HWHC81157429988113
410316-8359,SE8902IDYW61560887680926
540225-7553,SE8902VBXW33852287376238
020819-5933,SE8902TTDD62882365317340
000112-4718,SE8902JDLY63782567946635
000112-4718,SE8902PKJC56529381306922
860806-5499,SE8902PLTU47854504283727
551226-2535,SE8902QBPI92232356394837
551226-2535,SE8902NPMZ64718534936104
960812-8352,SE8902ERJA13877835143324
491206-5150,SE8902OKVE09579666832306
920430-0215,SE8902BPMW61406251979814
920430-0215,SE8902YLGE04073464233597
590612-4861,SE8902TCZL47145018856917
680414-8994,SE8902ZNRZ32368916134263
680414-8994,SE8902WSHS28438837480311
850328-3593,SE8902NDNE36671961231780
680912-5039,SE8902OLFT37200388827050
680912-5039,SE8902JQHT00463203687003
680912-5039,SE8902IIVG09252145366202
380518-3252,SE8902EYGF77551822415743
000615-6756,SE8902LVSQ11356198112962
690811-8372,SE8902YVWX44120455116841
690811-8372,SE8902DQWP79606697709694
690811-8372,SE8902XXCG81260198384509
040605-9147,SE8902UTYY22254486734176
970114-2821,SE8902UPQN50233742051449
950821-8626,SE8902EWZR85142291879165
000807-9626,SE8902KLMT84633622382072
000807-9626,SE8902DBWG37143242474670
411210-1656,SE8902MTEW80340871788369
411210-1656,SE8902WSLA24954889786348
411210-1656,SE8902VJHZ33855900402507
511005-5604,SE8902DZEM65843874009450
030603-7102,SE8902GFAS09862022036004
030603-7102,SE8902IWLJ80369151603079
980203-2699,SE8902AORR62231578413137
980203-2699,SE8902UOQA63786044169527
661104-6993,SE8902TJBO76009734317061
661104-6993,SE8902KIDF78947091109600
890522-1597,SE8902FUJI48043244293392
890522-1597,SE8902QPHE36884244476446
761115-2401,SE8902RQLR53927445231063
930408-3224,SE8902VATX29635590400151
490201-7484,SE8902MMZN38846965231738
700606-8501,SE8902DAYC14364335693782
700606-8501,SE8902FALW17606613401607
020207-5792,SE8902WZEL99650586037049
430330-6577,SE8902DRZG97085120488113
430330-6577,SE8902QJSX02120298481356
430330-6577,SE8902IMEB42197421849807
410918-5795,SE8902JXJJ56306612147768
410918-5795,SE8902AZMF62874749728667
750529-8526,SE8902TRVE47135720140849
630412-3000,SE8902KNBO14478747094323
630412-3000,SE8902PQTU50864263302777
031129-0464,SE8902YUYG10929263320035
031129-0464,SE8902LUTP25647153659821
560511-1326,SE8902ZDMU73833226690524
560511-1326,SE8902LFPB25372838213647
801116-3071,SE8902MJPO40977388006286
980130-3422,SE8902PLXR29095818137187
980130-3422,SE8902QIQI47434237190569
980122-7878,SE8902CRWQ10550122839130
610329-4028,SE8902PVRO74801343887399
540220-9521,SE8902KPIO16227949467449
901208-9356,SE8902OZOM23207181936410
901208-9356,SE8902NVPZ06971021222436
901208-9356,SE8902KLVA35234334264887
901104-3719,SE8902SNNM24012074185591
841210-2173,SE8902DRXY50176432565193
030417-5920,SE8902YMVD57211621327275
030417-5920,SE8902WRRU80784544437204
840921-6200,SE8902GAFL88123638280516
810113-7506,SE8902JPPD16064860435781
521117-6978,SE8902FSHA42297476809642
521117-6978,SE8902LWGY12400441776877
891106-8834,SE8902OYBW39299291170957
891101-6767,SE8902IJUF89235594362096
891101-6767,SE8902DPTT93032573974424
441112-0035,SE8902WJJF53894909945600
640113-3456,SE8902NZPO70353430427963
640113-3456,SE8902IMDH11855815032434
640113-3456,SE8902UITH42469834496346
990215-7727,SE8902QPGW46075376024266
680723-0690,SE8902LKXQ69920608322446
430815-3222,SE8902PCFD04141042982858
981103-6731,SE8902FAAO97542766702624
981103-6731,SE8902ONZU44479921442383
860309-0559,SE8902POYE56306553396402
900316-6783,SE8902IEHG40560196591529
620626-8408,SE8902BUFN52320844378385
671203-2561,SE8902VDAM04395711962652
431218-4601,SE8902EJLS77341060789288
431218-4601,SE8902POUN96279557917869
431218-4601,SE8902VYBF24172056441453
431218-4601,SE8902KKUH06675943754803
951215-6036,SE8902DSLW17149818922650
951215-6036,SE8902MQKC26955141529313
951215-6036,SE8902XNEE54146257506129
930323-2665,SE8902BXJC93392072105707
450531-4726,SE8902MZQD36471607948390
450531-4726,SE8902ZXBS27847759587560
450531-4726,SE8902CGGR69488718084568
450531-4726,SE8902LJOL22570334014589
050501-4027,SE8902PGCD42349227810447
521207-7944,SE8902NUWT16017828621340
050608-5364,SE8902EPQO36893099676290
490129-6196,SE8902MERM08934535145689
490129-6196,SE8902DCRG03419581347172
750324-2856,SE8902JWPZ44810854846338
540522-6134,SE8902KEUK66106098793775
540522-6134,SE8902WQDY35666811304216
540522-6134,SE8902IFAT25470340151750
460425-7487,SE8902CKLN78195298715336
950407-8487,SE8902OBIX76276487885565
910519-4634,SE8902VTXY24068790036789
960825-5072,SE8902EQDP30307774877765
960825-5072,SE8902YOEW30639718787528
960825-5072,SE8902CKBV64663475183727
910827-2437,SE8902WRAH16184147348462
910827-2437,SE8902BADP38378986803145
841022-4763,SE8902MEJF62740560811988
760413-8730,SE8902KQTT53706765844553
760413-8730,SE8902IGKY05275707479128
981014-7646,SE8902JXNJ08943900596647
681010-5228,SE8902ZJLO95363862694613
681010-5228,SE8902VJEF22408425695352
711020-3960,SE8902QRLT89568280421783
711020-3960,SE8902QLUT99208994499946
791118-2462,SE8902RCJB06422384154874
400328-6996,SE8902UYWH41914146129072
510617-0615,SE8902EBWI20739935052200
640413-8023,SE8902UUHR56831431647978
640413-8023,SE8902EQYQ41081582080415
710524-0449,SE8902SABF96781999798332
031014-0330,SE8902MOYL96215082468431
031014-0330,SE8902KSPR66432840199154
480629-0807,SE8902JWGD74194436561021
530404-5650,SE8902OQZB62959452894569
880504-5534,SE8902NSZV23305609626569
880504-5534,SE8902LDPN73303918695424
630813-9200,SE8902EQCK63728076800609
630813-9200,SE8902WSOG82520529247442
630813-9200,SE8902SRLL43477163490964
770314-1197,SE8902XCHA19919213751955
770314-1197,SE8902KXMK45343849770312
770314-1197,SE8902MDRR93436036363613
570307-0606,SE8902SVNA09488395571575
990826-3057,SE8902SSZA54290319483676
000722-4124,SE8902OEJT81666216962345
000722-4124,SE8902ZVTV98812993474647
000722-4124,SE8902NBPA53790596412090
561012-3878,SE8902VROD28357188719403
050719-3324,SE8902OARH91598307982968
460405-5261,SE8902RLHG01713064216795
460405-5261,SE8902RMGJ56941789044857
460405-5261,SE8902ZKUQ38316655030762
510326-2258,SE8902IAZC69283036911026
510326-2258,SE8902FEOU83301563734443
651011-9842,SE8902YQXU56366715188424
651011-9842,SE8902EEKT76326536417923
651011-9842,SE8902KZIO19030755409685
700610-4371,SE8902KLES25420753966546
700610-4371,SE8902HRWG83554443123395
751014-2008,SE8902YSVI54424221824629
980717-2268,SE8902MCFO49095808464569
621205-8827,SE8902EJVD58777899114942
621205-8827,SE8902CODF26383416794081
621205-8827,SE8902VRCK66669606024532
991126-8184,SE8902MCEV93618355713025
991126-8184,SE8902BTSC01483794930785
500128-9916,SE8902VXXB63484309612552
500128-9916,SE8902UFZY41218181108055
500128-9916,SE8902IDIO78110702344946
500128-9916,SE8902WMGQ92121042977797
501213-8391,SE8902FVFT61557043346714
501213-8391,SE8902RNLY55461931214075
420602-4558,SE8902CFVM08634732646774
420602-4558,SE8902EJYN15169896233918
420602-4558,SE8902SICI51731283266081
950329-4267,SE8902PUFG51102457949170
701113-4041,SE8902REPT13055923984909
701113-4041,SE8902CFEY43701881421531
020907-9359,SE8902KLRO16474013075873
930801-0736,SE8902AZOB63571733972059
891116-5697,SE8902YWYE88254254671994
891116-5697,SE8902ZGKY70073543360198
891116-5697,SE8902MQMR87651444736111
680818-7006,SE8902REOE84824920257605
680818-7006,SE8902GUBN02340962282734
731219-6335,SE8902IGPY15346785802644
410517-2805,SE8902TDHG03930597785173
870926-1112,SE8902ZVUC22763571961124
870926-1112,SE8902IOJE14304978072957
361113-4648,SE8902BFKJ67373461094245
361113-4648,SE8902ZJJI38537368499499
840407-4828,SE8902UZPG07009538779616
840407-4828,SE8902GWBV65006975861231
590323-8250,SE8902RFKG13034824351836
390508-4368,SE8902XNTB41827621868449
390508-4368,SE8902HHSO58247661775142
590618-9138,SE8902JYDD80497877012989
490730-0612,SE8902EBQG46394645816502
920221-3337,SE8902NPSO51568640255218
961003-4705,SE8902FEUM16554377486070
990316-2809,SE8902VBBU70773188294633
511209-5483,SE8902VZIJ18435178550619
040530-8834,SE8902RCMN64982980569854
070302-0982,SE8902RWQU01903466709841
521030-3250,SE8902EJAI99151957237924
030803-2572,SE8902XYRM52103884724966
850331-3853,SE8902FUMK63947148705760
850331-3853,SE8902FGVS05404234689422
740122-1705,SE8902OUYV90192199566077
740122-1705,SE8902SPLV55493875690484
740122-1705,SE8902LOKN91099936771965
850818-8110,SE8902EGUE04752445182497
941120-4879,SE8902QIDW01871973556269
011120-7973,SE8902WDJE85359881297343
621117-4120,SE8902JLFC48207582147190
621117-4120,SE8902DGOU52251724210139
600828-3746,SE8902KCJU30225323097413
570120-3019,SE8902UDAI89693707440786
570120-3019,SE8902LXEY88372509516456
570120-3019,SE8902XVJQ62588665096343
570120-3019,SE8902PEJL40222448009128
590912-5550,SE8902CWGG49250440286257
590912-5550,SE8902WZTY78877140572268
451223-3471,SE8902LACW59549122762926
451223-3471,SE8902OGIR23428207822800
671225-1187,SE8902FFCY95333401231837
671225-1187,SE8902BUUB70684057188314
671225-1187,SE8902TEZZ10595111121627
631111-4174,SE8902QXXL08650991961519
631111-4174,SE8902GQAD77323256759071
741011-0774,SE8902KMRD06713970744337
390309-7446,SE8902GGVM41036620748091
390309-7446,SE8902FOBI10005828618756
631020-2814,SE8902APMC92937900903172
850721-4495,SE8902HNSY33169866302829
850721-4495,SE8902RQNM94686024135916
990402-8397,SE8902TXSH82999507978837
990402-8397,SE8902RATJ14504736298199
990402-8397,SE8902WQDQ90710651633977
990402-8397,SE8902XNVC89027044051893
821220-2496,SE8902LNZG09887297010450
390220-2948,SE8902MJJU05220306140238
050329-2591,SE8902VPUM81969837191902
050329-2591,SE8902QBZS75980360092144
021116-3951,SE8902IRET80983872349375
510203-9111,SE8902RFND18240718616184
931224-0071,SE8902XNSP62301861969649
931224-0071,SE8902NOMU53996442028881
630615-2213,SE8902SNGW19711846882889
750512-8194,SE8902BLNY30650799297988
750512-8194,SE8902RCMP67198715313709
351214-1205,SE8902BCJH45677202414984
351214-1205,SE8902JOAA73203338391811
531114-5873,SE8902PTQI05277402468840
760604-4704,SE8902VCGO21843909614852
650728-3643,SE8902DDDT67161166312580
650728-3643,SE8902ASEU46374988626527
791120-5644,SE8902OUGZ49389646387563
670901-4283,SE8902XMSF03346539893576
780805-2190,SE8902GORN68994003453353
780805-2190,SE8902FCSV26977507325534
780805-2190,SE8902RXQC04091454093931
041209-4120,SE8902KWBD56921885506215
460704-8594,SE8902AUQD67157033620100
730624-4521,SE8902YPLL97549313922893
970816-9066,SE8902ATDH36917846037146
970816-9066,SE8902ECCJ86383227351359
970816-9066,SE8902GVHN92964423897611
530822-3378,SE8902PBJH90393502972632
940413-2103,SE8902TURO07496760761316
570719-8890,SE8902PYVE63223607468293
570719-8890,SE8902XXAF74151570423565
490116-1465,SE8902FQVQ38132937638029
421117-8456,SE8902HAYZ30931717835549
050405-2614,SE8902TCZM12187781824588
050405-2614,SE8902JUBX10521679094085
390526-2642,SE8902IASU37111569398010
390526-2642,SE8902FGIY23117081354016
390526-2642,SE8902KLNQ25617997709976
671006-6009,SE8902GYOU97729788286246
841214-1296,SE8902LGDS93932200371895
060925-9098,SE8902IXLN09147641003463
060925-9098,SE8902WQME16820619653293
060925-9098,SE8902KSGB25510595835295
880817-1568,SE8902NRAS31362495279847
860106-4812,SE8902ZKCR38556369708361
980111-2799,SE8902RBSV68895772780848
670116-8301,SE8902IKZC79179007095909
670116-8301,SE8902BNCT48612177889839
890624-2840,SE8902TDWF15245617438533
890624-2840,SE8902OSPT65036097285857
890624-2840,SE8902ANWR22887008474492
380917-9272,SE8902XJAN35723200835220
380917-9272,SE8902FCJT75375914520219
490510-1459,SE8902OZBM53448690509013
710111-6791,SE8902EUHG64782205847802
710111-6791,SE8902VPUI15502095985231
710111-6791,SE8902JFLG01724285840236
710111-6791,SE8902IDDI95912852862700
710111-6791,SE8902YCCU23582343543594
710111-6791,SE8902HADZ94831371615319
630729-3644,SE8902JVFU12272732120946
760406-5404,SE8902LYRU49405628277247
420430-8151,SE8902TTXT03943566438167
420430-8151,SE8902BTKI53390685216432
530921-2867,SE8902XBIN60287954526260
900621-8300,SE8902OGIL87909531470185
900621-8300,SE8902RWKL37240797745939
900621-8300,SE8902ZQQX91042131747326
670219-4314,SE8902XYVB77684435420465
470722-7825,SE8902WOTL92806947118912
480729-3370,SE8902KMMG56349206484127
400315-1315,SE8902DPEV86073624782716
651210-6565,SE8902WCUC03726382390092
891027-0126,SE8902FUAR93924916890637
360719-1347,SE8902XPHP30865499209335
360719-1347,SE8902XTMW65537920620819
390528-0370,SE8902QASC32307460643773
580424-2880,SE8902MEPG75869905095161
580424-2880,SE8902VWKO20169767635100
840419-0962,SE8902SVEX40095531093926
550907-9165,SE8902EKEC92166161424949
550907-9165,SE8902KMID87590796935719
530830-8732,SE8902LSEC82086405777991
560806-9745,SE8902ALFN61867186946491
560806-9745,SE8902AAEJ67825986403885
560806-9745,SE8902AZXE66883467511248
761217-5484,SE8902XARR24637715791113
801016-4898,SE8902AXSS75904959058026
801016-4898,SE8902NFJG83208273691327
751230-8458,SE8902PQTC99238321979954
751230-8458,SE8902LEVI44801863486814
010215-5330,SE8902YKLA01358484410445
010215-5330,SE8902EMIT82352727650511
010215-5330,SE8902OBNT50973876422839
360222-0778,SE8902SEYF48760878274175
410919-5562,SE8902OVTP75889092553957
410919-5562,SE8902FKHJ95461624405436
930823-9459,SE8902KCYM07724798345050
930823-9459,SE8902URSV28669190464010
930823-9459,SE8902AJRJ35802643947946
020829-7697,SE8902KJYB05100798381483
020829-7697,SE8902WYLP16417283310059
020829-7697,SE8902STXO91790409285299
940521-7903,SE8902ZKJC38755928645078
940521-7903,SE8902WOXH43586674611980
940521-7903,SE8902BWKM27720380863718
390106-8696,SE8902CNUK05592418774943
390106-8696,SE8902ZRRV53604198996393
390106-8696,SE8902SIKL89762687070372
661229-4360,SE8902IQDI59898249098467
661229-4360,SE8902HNLH30212836252481
481025-6307,SE8902MCRF20072685039505
481025-6307,SE8902FQLC01698765585803
450426-9301,SE8902RIDV47368265699473
881125-6802,SE8902LARY75915594710859
881125-6802,SE8902RYFQ25380828380867
620721-3304,SE8902YFVN11147137534118
620721-3304,SE8902VBSX39074781358158
620721-3304,SE8902YCMC97452355623638
500730-9544,SE8902WOBG56284432759181
410213-4998,SE8902GZKC59110904284187
460604-4008,SE8902HCFQ50732586147290
921225-3513,SE8902IWUZ21139031383602
921225-3513,SE8902DBZP90399205881070
810921-9520,SE8902BBDN08764843226603
810921-9520,SE8902TDNJ81183782154357
810921-9520,SE8902BPXN71817611233256
690715-3776,SE8902TKZA24932488770695
690715-3776,SE8902IGWD35040860470840
980723-0439,SE8902UNRA52610184151556
700316-2802,SE8902OEUK98732816702347
540618-7228,SE8902MPBO87772633723937
540618-7228,SE8902SVVA72606563438599
540618-7228,SE8902CTOV92367944039255
540618-7228,SE8902SCUS02208585217420
741111-0344,SE8902ONYK29813236113604
880919-9121,SE8902RNTE90201112878494
880919-9121,SE8902GSWE68166162519198
720527-0692,SE8902GYZA91851265600454
710304-5667,SE8902SJTM65462604716724
710304-5667,SE8902RPNT79114466986103
861208-3793,SE8902FPRI18674591891178
861208-3793,SE8902UXKG57479907330381
821203-1432,SE8902FWHV93976568931219
420716-3587,SE8902RMLX84077931088026
651218-8118,SE8902EDDF98370611345966
651218-8118,SE8902XMAM56827677889061
960712-5987,SE8902TMKE53720750940968
361103-9037,SE8902JHMA69643058655073
660909-1084,SE8902ZTNG40351896769345
670319-8652,SE8902ZJJF79585810673366
821214-2049,SE8902IWYC64669423845053
821214-2049,SE8902WNIP57815146708414
821214-2049,SE8902EZER13441070597944
611015-7465,SE8902PXCX96170096954134
611015-7465,SE8902LIKB41550652178852
570924-4312,SE8902GDTV65148682209789
060130-5568,SE8902SRDG63581614639448
051024-2373,SE8902XWOG93876385265449
051024-2373,SE8902SVTA51705365680131
030411-1388,SE8902JFUD24261264737631
030411-1388,SE8902TRFM79815586179217
030411-1388,SE8902EFNV74784664776562
920529-8475,SE8902RCRK00671714230376
920529-8475,SE8902LQPT91446488103734
451129-2460,SE8902ZMIE92280783818806
731115-2727,SE8902PJBO20718804604298
900710-1026,SE8902RUFS60316465651336
900710-1026,SE8902BXQI23685027971551
780330-8308,SE8902JXEZ02627245746002
780330-8308,SE8902NMLM36956633220058
780330-8308,SE8902WABA80671991745830
500117-5636,SE8902GSZH91391621188990
740616-6020,SE8902XEKA11659742485329
350706-8579,SE8902QJYU26909657286044
931004-0325,SE8902MQJP11380705638246
940210-9509,SE8902KFFK50136015318581
940210-9509,SE8902NWBH42139231276122
940210-9509,SE8902HHVE14882891293350
010207-2535,SE8902RLTH03632662634887
010207-2535,SE8902MYOF67830605702784
001003-9907,SE8902PSFY01211467765419
620521-9089,SE8902NCHQ05383241398951
671206-3400,SE8902BADO65968898453667
040413-9156,SE8902BIRC46206283725522
560130-1566,SE8902QVRD43136737091818
730524-7251,SE8902YBUM91649266178467
730524-7251,SE8902XPKO29440306068239
730524-7251,SE8902SAUK38756106548184
530610-3549,SE8902PRHA61506657906077
940612-8737,SE8902FWBT85916441228504
940612-8737,SE8902LUYC21483942556730
950709-3822,SE8902CKQN72795971469366
950709-3822,SE8902TVFH53282057943154
950709-3822,SE8902UTXQ46186994218835
950709-3822,SE8902BCGB09402639721004
820604-3583,SE8902QCUD22504040792723
370902-0154,SE8902XFEK65570601507823
441022-8888,SE8902CHPG90425118808478
441022-8888,SE8902HXLB10149156679316
441022-8888,SE8902PCFY59781759139715
730310-5568,SE8902NIFB25528008124700
730310-5568,SE8902TMSX38474464548691
390202-9028,SE8902RYXO33562941610360
390202-9028,SE8902YWQH50779746486712
390202-9028,SE8902TOSX14314674232363
541030-7333,SE8902DJPX89629848207656
841210-2538,SE8902QYUK75923058440099
841210-2538,SE8902GXKS66714923613080
610817-9885,SE8902TBKW34062991571482
410404-6919,SE8902KASG36290465086408
410404-6919,SE8902FMGF16921362391617
410404-6919,SE8902SUPU22107368286746
410404-6919,SE8902CUMA73016131740531
480221-2193,SE8902YULJ56180665771621
480221-2193,SE8902YIXR29588609244770
500226-1625,SE8902SBKV17928186427622
500226-1625,SE8902YREH60256445948405
500226-1625,SE8902GZAO49226888899471
500226-1625,SE8902CDUU61660929189479
800402-6905,SE8902QDDZ01493266009705
770715-4147,SE8902MSKS70942503348697
770715-4147,SE8902KOWL19108099243979
440603-3151,SE8902UHPN71937885399066
831029-2936,SE8902KIPZ83378012088513
831029-2936,SE8902YZWC23724318974586
831029-2936,SE8902AMRJ75051497335013
070119-5604,SE8902PFUA65955298845159
070119-5604,SE8902DNVY67349092911659
050313-8067,SE8902QBFU77974903239810
030330-5338,SE8902NBJB19095650975525
460319-8310,SE8902IACG54044232519044
460319-8310,SE8902NKXR00859309312215
661105-0391,SE8902PFCZ88971783919966
661105-0391,SE8902IQAS41209315371860
810417-8192,SE8902HEMI79004079416247
880721-1449,SE8902LFOG32831877730656
880721-1449,SE8902TJON16189488376725
880721-1449,SE8902NXQN75553814880916
910425-0569,SE8902AOEI11888157159723
370824-9903,SE8902MIDF11176460973267
501222-6584,SE8902XAJW53043482546967
600918-0651,SE8902XWUV40935991476872
430822-7596,SE8902VFTG99252061459530
430822-7596,SE8902XPRV76493567899496
880412-3118,SE8902VJMZ66585930292336
470720-1630,SE8902ABDS01701364961907
990131-4873,SE8902IRXN70281866292484
990131-4873,SE8902ZCTK81497780781136
990131-4873,SE8902TKRB93799625518098
520519-5133,SE8902XFYN40331665173936
520519-5133,SE8902VXBW13958908779060
421220-9953,SE8902XBWW91028579125870
421220-9953,SE8902ZFFS54641169742438
680612-3284,SE8902AEAH33465529509698
771019-7539,SE8902WIZV49599148565208
771019-7539,SE8902OKGM15362718359701
771019-7539,SE8902IQGU69949540367787
650630-0398,SE8902PGNT42361129672323
870606-4063,SE8902LNQG72751750679403
860506-6011,SE8902JYVV72673862515999
800327-1791,SE8902UAZW13872369602420
490520-6670,SE8902DQLW24559347520043
870302-7774,SE8902HWWI70855528580462
870302-7774,SE8902VJUZ52218371196993
400928-6537,SE8902VCAD18253035606269
400928-6537,SE8902OSQP10294973862487
470112-5371,SE8902CARL50738619229703
940314-4687,SE8902SXSV66139578019742
780619-1628,SE8902ZMRY06748088512775
780619-1628,SE8902DVQS82119924518238
780619-1628,SE8902BYDD28842601202864
780619-1628,SE8902GIHV74884246842599
690918-3318,SE8902OULQ88924571915281
920210-4320,SE8902UBER10237927754278
920210-4320,SE8902KNYL13525753615170
050118-1887,SE8902KFZW27637456654899
050118-1887,SE8902RFAD93127690350624
661223-2626,SE8902GFDI02146082509603
921013-4327,SE8902OTGT26923733226539
050316-9872,SE8902LEIQ16043588196306
010318-7761,SE8902WPAU97779463181066
010318-7761,SE8902DIGS61927513105237
010921-4098,SE8902FKYE96295585801229
010921-4098,SE8902OKBP25586865512985
010921-4098,SE8902OVSC20334070794606
010921-4098,SE8902EYAI40413449404955
360220-5001,SE8902YHDH95624192716829
360220-5001,SE8902ENMF86033537014424
550214-0477,SE8902KWGC09517167288801
921206-6980,SE8902UNVY51069080799808
921206-6980,SE8902VXSM52634787408878
351031-1156,SE8902VANG86827956202560
421127-7167,SE8902QCOM51159179331018
041105-3135,SE8902AHHW25831609187762
041105-3135,SE8902BBBD92900838719471
851027-1458,SE8902DFIF62619409849709
851027-1458,SE8902OJZV87378441905395
851027-1458,SE8902IFOG47846578093385
851027-1458,SE8902XMPH01266253886729
810924-6747,SE8902MISM30510735597086
491216-2650,SE8902LHXM42438714486224
860720-5146,SE8902YBPA06747616365238
601224-4346,SE8902MPWG51569045484865
601224-4346,SE8902ZTXO23071825012027
541229-5833,SE8902SPOT75366803801987
970512-8305,SE8902RBPQ42858370864616
030720-9973,SE8902HFSR53083572903940
540411-6336,SE8902JNFW68474844339506
660925-8436,SE8902YZWZ87858217066053
040131-0016,SE8902GWOF13656646987338
010607-6805,SE8902NIIB74522467804955
700411-6757,SE8902WDCF38284869757417
670428-7017,SE8902WFUC02168045258799
940921-4039,SE8902ALWE64418794375241
940921-4039,SE8902WJDM26526890895791
940921-4039,SE8902QLQD50953604363689
500318-9833,SE8902QSEZ62900642158291
461224-9195,SE8902HEBA48610510102589
361111-3899,SE8902SOSH76024453681329
361111-3899,SE8902RYJW27814189025495
700320-8738,SE8902UVRY16194000688254
641015-5045,SE8902NNNR28386574821422
641015-5045,SE8902UZYG74951512780315
441119-7330,SE8902FLMA18768060331290
441119-7330,SE8902ADKD16230449646773
430501-5853,SE8902WGFJ72090874836772
950614-2836,SE8902GHSB29020078073922
450220-3229,SE8902DRNW01025820075953
810701-7363,SE8902OELG14968309944058
810701-7363,SE8902YBIX02378701637177
421205-9713,SE8902JIRN62314882418604
900602-3726,SE8902JXAL47272008936438
541201-9092,SE8902SPLA84551710891296
410406-3831,SE8902GJEV19959770508700
420211-2910,SE8902ZNHI21783939608864
570529-2893,SE8902QVLD06706916367921
890101-0481,SE8902AXQM18280403499014
970131-9494,SE8902MRZJ54641003814611
640207-1176,SE8902YXRL88472345282788
011129-2405,SE8902BRIL75914384755151
011129-2405,SE8902ZJEO82962448424927
480219-6958,SE8902MJIL81207705272655
651217-3912,SE8902NOXD78517742994470
380219-1373,SE8902NEKM17238713453074
380219-1373,SE8902GQAF56677712799125
380219-1373,SE8902GZKG54552009162805
380219-1373,SE8902ROXJ87709608865856
990429-0559,SE8902AVGD46528407389614
990429-0559,SE8902XFGN05965642065136
891030-3471,SE8902XUOQ37054183061149
891030-3471,SE8902QCNP19721394374879
960806-7808,SE8902TONI18274393550042
960806-7808,SE8902RDFD79748993078910
061022-1343,SE8902YEDJ01205803951858
061022-1343,SE8902IJBW38904188628765
061022-1343,SE8902FMID10536679996597
401110-9719,SE8902ZWKS28095257338274
401110-9719,SE8902JFXZ40334167631989
401110-9719,SE8902DOFI01208990186376
611223-8008,SE8902OILP02531246077432
041004-4440,SE8902MQTA07583386361028
041004-4440,SE8902GJBL45406945630901
420922-8909,SE8902PLOQ67311426466791
440828-9884,SE8902ONKL85026172925302
440828-9884,SE8902XGBQ65373440284962
391121-3928,SE8902KFFN35109779680770
391121-3928,SE8902NQRV40490469744981
380131-5510,SE8902XSYV69131047178016
351123-4134,SE8902HODK85678819977506
440107-5637,SE8902YIGY15689375176219
010826-5976,SE8902JTME09227824695264
010826-5976,SE8902UWHJ79819805055119
810311-0196,SE8902OWWY66208651137307
810311-0196,SE8902DGBN51946839388357
780906-7700,SE8902GXGJ09737434359792
780906-7700,SE8902PVMT99502269929745
870206-1931,SE8902FKHS98022985303829
870206-1931,SE8902TMHA72646385787943
870206-1931,SE8902EUXF81891691396825
690226-7522,SE8902CEKC27544305100945
690226-7522,SE8902YFNV15788568473424
740618-8388,SE8902VLZY43895735167710
740618-8388,SE8902JTWL04765331104215
440202-6167,SE8902SHGS62187533607069
440202-6167,SE8902DHTY58610419863874
041021-0876,SE8902XJXJ66998115817653
041021-0876,SE8902YORA10515982490383
041021-0876,SE8902APRX63562848993577
680714-5492,SE8902PTAF77843993668616
680714-5492,SE8902EHTU59069815598850
551021-3902,SE8902FEIJ60109004189441
551021-3902,SE8902ZTYB33411513006359
491207-7031,SE8902SMBI03438185868162
491207-7031,SE8902XFDS45905033879975
491207-7031,SE8902ZAWM87891339334132
790311-4127,SE8902YMWM67923221263529
790311-4127,SE8902ZJBK03539793529686
600315-9438,SE8902IAAP17064707009052
600315-9438,SE8902GZRH81686967761778
600315-9438,SE8902PMAG08583189181534
670318-0346,SE8902YWPH88733310983578
670318-0346,SE8902QVVH33425126369593
661202-4429,SE8902YYDM63526347491057
050416-1431,SE8902CFVV30512683866714
380601-5578,SE8902LHWV91263359767569
870517-1141,SE8902ZDQZ85735825212197
870517-1141,SE8902GOTA27808705650145
400518-2425,SE8902XVPE12442001326703
400518-2425,SE8902BQOF94784189390061
400518-2425,SE8902EDII68114485236045
881124-5011,SE8902UGUU35326815762231
881124-5011,SE8902ZECH07329184737257
770916-0571,SE8902YANL80406594542262
680623-6474,SE8902CAYR28184400854269
581102-8637,SE8902CZMN06754312018557
710429-8620,SE8902ORRS48118816092087
740323-4409,SE8902DYMK28727836359365
740323-4409,SE8902GNES50129557296591
010404-6354,SE8902YBWC04395871663306
761006-8749,SE8902DQYM36490908630376
761006-8749,SE8902QTON45088878513232
761006-8749,SE8902EOQK87745075861922
440224-9439,SE8902AIOW62956716316259
440224-9439,SE8902NVBN39901843446898
440224-9439,SE8902OSUM31787311714438
440224-9439,SE8902TVVW07944483518187
670709-7199,SE8902GTZD12314857392944
670709-7199,SE8902EWKS60852595775659
670709-7199,SE8902STMW83870980133580
670709-7199,SE8902VQDV44258038827151
681002-1789,SE8902WWYX14350160073945
681002-1789,SE8902YJGY22142109131075
600915-9754,SE8902KWJE25618757328979
600915-9754,SE8902BOXY64871872720401
600915-9754,SE8902TSLW64629501935121
411026-6477,SE8902YUBQ50433561046806
411026-6477,SE8902NLPV05101680537537
411026-6477,SE8902FHYM56802980847454
041204-2210,SE8902DFDE10377026495528
061112-5832,SE8902OFTJ79383582820961
750406-2584,SE8902HBJK93110274210203
851019-2308,SE8902VWXK42191765114871
851019-2308,SE8902YNEG45809952624906
710609-6535,SE8902PFMB93666687080636
710609-6535,SE8902GVKT62124718311587
710609-6535,SE8902OEQF58082660806550
700710-1087,SE8902QBVC38031274896724
620603-8850,SE8902ELOW76907000148619
800306-5847,SE8902TARS73293766587552
800306-5847,SE8902KVSV81092256666408
800306-5847,SE8902XARM90172386742244
520328-2842,SE8902YERF08265652105112
520328-2842,SE8902RENF20626970972224
440512-1270,SE8902YRPI91283893221753
440512-1270,SE8902OLYJ75119346245205
440512-1270,SE8902DTWL15581241936252
440512-1270,SE8902YCMH62501138405727
760120-4154,SE8902QYSY81014676327000
760120-4154,SE8902AFOU10164539916013
760120-4154,SE8902XIOP55762967773996
760120-4154,SE8902AGTC76402704279286
690123-9977,SE8902EJUK14153809334395
530808-9696,SE8902ZKZE03352259811045
530808-9696,SE8902FUEO19973931032909
910526-8503,SE8902CDJH95141039369424
910526-8503,SE8902LTEB55772338700469
910526-8503,SE8902XJXO24323243710044
950814-2750,SE8902LYWY52207782370009
950814-2750,SE8902PUTI27368119946710
921231-2673,SE8902ZFCJ85266822978818
921231-2673,SE8902OETG93189334327881
921231-2673,SE8902WWPN36583068524999
650218-3392,SE8902SPMV06240825225975
650218-3392,SE8902MAVP99765805035027
920623-5336,SE8902CUOA55859966187343
380402-5223,SE8902MINV17334030266764
001015-8624,SE8902DGRO18476288845448
001015-8624,SE8902FUXQ13611890616632
840828-8945,SE8902TTCV22659277900658
640122-9411,SE8902QOLP68576231602784
810825-2753,SE8902XHDH97099673211691
810825-2753,SE8902NQVT00867426002134
741222-7501,SE8902OIOG12978777374762
741222-7501,SE8902ABOS54302823852209
040814-4327,SE8902WJRN19883673497555
040814-4327,SE8902MORC95963771559704
381120-9885,SE8902DOSN50610060091936
381120-9885,SE8902ZQTF23438409122635
850228-1978,SE8902XNUU38667095299418
620828-1441,SE8902GRHA70024737117241
620828-1441,SE8902NOWZ09781738609160
620828-1441,SE8902GJPJ21866669764448
010602-2940,SE8902THMG75207589410634
010602-2940,SE8902ORAT65143572227414
390706-5712,SE8902RMZQ99119231760140
390706-5712,SE8902EHQT53687871208531
901124-3400,SE8902VULP28317370301184
911111-4402,SE8902PXRQ98520175302074
911111-4402,SE8902RBXU00091422402190
911111-4402,SE8902LFCU74107203362240
911111-4402,SE8902DMTK02100815459260
780718-5090,SE8902CRCW34066239004922
600508-9435,SE8902UGGW38274485777478
860713-8024,SE8902TUFM02844898189627
890419-2955,SE8902ZUBS27912610124575
890419-2955,SE8902PQQA91803707968793
900522-5926,SE8902EVCJ18582465780769
900522-5926,SE8902RUZG18814542051536
470606-3262,SE8902FZSN55947389902845
470606-3262,SE8902ARZK76217160045547
780627-8714,SE8902PEMO00496019465141
751005-1860,SE8902EANL33346362686121
751005-1860,SE8902AZSP13287899419402
751005-1860,SE8902RXPZ64193650870827
751005-1860,SE8902FKMU98532754573323
951223-4403,SE8902ITVH26113588018628
951223-4403,SE8902YFRV85699768159258
050623-3907,SE8902MQZJ06643246897705
050623-3907,SE8902FWCH71102712794153
050623-3907,SE8902OYAH39744900512609
580615-1113,SE8902XETE95068684209773
810529-0871,SE8902TZSS77431559302602
810529-0871,SE8902CYPH60544976843583
810529-0871,SE8902QYWM08226326615443
430102-8306,SE8902OYYC26878073615803
430102-8306,SE8902FNVL25969348892346
430102-8306,SE8902SPMP91486768673172
850116-7558,SE8902GAXX53411861552462
940822-3189,SE8902YXOS87838017500335
940822-3189,SE8902JWXW28958053475452
640716-8654,SE8902MURT68729362533248
640716-8654,SE8902VVUL13283946661384
970116-2787,SE8902KWRS27148391651848
970116-2787,SE8902KWSP63038857977275
910301-3570,SE8902TMAZ51468626641221
390224-9725,SE8902KMXN52564213381947
891121-8041,SE8902HUPY67929894959123
891121-8041,SE8902JTIU30473679174736
820827-1828,SE8902XCIR72675281902466
740830-3035,SE8902TUHD34770837374560
720218-1660,SE8902QLED17935826591915
410829-6163,SE8902HMCZ09136061205337
410829-6163,SE8902MMNV35784660404948
430511-1629,SE8902VSPR33562992730471
470622-7867,SE8902NPHM95440604719066
470622-7867,SE8902UPMV66415672183575
440217-6293,SE8902HAHX05192939117708
440217-6293,SE8902IETM52089049623113
460524-2876,SE8902DXER23023951967280
460524-2876,SE8902ZUOU40396545889546
690718-9101,SE8902WBFK37994122017616
690718-9101,SE8902TMVQ62559128130402
011029-6852,SE8902QNMM99008031804359
551014-9866,SE8902PVNM34258841032637
551014-9866,SE8902WINU18325188489431
551014-9866,SE8902GUKI33865782482701
540116-4602,SE8902BSOB17404569244252
540116-4602,SE8902GDKU45032945438327
540116-4602,SE8902YIAD46040982190137
540116-4602,SE8902YHPG83168569237782
870930-6461,SE8902HTRS03259438277897
430703-4134,SE8902KDEZ48747876485385
430703-4134,SE8902BRZE40142159892187
721012-5659,SE8902KLCO29429723379486
760516-9296,SE8902NBIZ83446887518068
870818-9462,SE8902QLYH24628869288269
870818-9462,SE8902THHW31823034276516
870818-9462,SE8902EHTP72915274751435
870818-9462,SE8902TAHI51097798630045
831226-2531,SE8902LKRM96767797463197
831226-2531,SE8902ZGLL07430315277968
530830-3527,SE8902SLBZ46706062219762
530830-3527,SE8902FBTR73223116722714
530830-3527,SE8902FTIV24633690574571
850630-1954,SE8902OCQK11725418237602
850630-1954,SE8902RASX95864855242605
850630-1954,SE8902ZIPR73751541971020
760413-3962,SE8902ROFI55976431488069
760413-3962,SE8902ZZNR41237043450267
611114-2755,SE8902EYZV57214534359238
910207-5331,SE8902WSFB21589079568833
510519-9201,SE8902RTPP26534696624492
610620-8330,SE8902ZZYD33218163616915
720628-2324,SE8902MQQY51782698732487
550512-0229,SE8902XIPF48454762305912
550512-0229,SE8902QQEM64469622591152
550512-0229,SE8902PLBL16144667744762
830908-8246,SE8902LVNK47443019784697
830908-8246,SE8902VMWP60739361675669
741009-4614,SE8902LUGA16653984392162
741009-4614,SE8902PNRT14858483416763
990816-5161,SE8902FPGB53740832393246
931028-8825,SE8902ZPXA01787857989303
411219-0204,SE8902XZSQ43469647161652
500902-1220,SE8902TNEQ21759041931830
500902-1220,SE8902UNIQ60986055961346
500902-1220,SE8902YLUL42869164891487
681114-4002,SE8902LYFI88654386046994
750416-7920,SE8902JBML23966854830022
750416-7920,SE8902MDNR23654048962365
820322-8260,SE8902XYWW06047880682425
041020-5371,SE8902YFUG89397049014204
011109-1492,SE8902TQXV74190163701650
550718-8943,SE8902QSEX48124440213093
550718-8943,SE8902CRKA97370313824795
011116-3267,SE8902QVDX07065136908695
011116-3267,SE8902LLGR94243337164385
011116-3267,SE8902XIIY68366812613028
770429-7501,SE8902XUYH86436254539837
540614-9160,SE8902AQCO44387324377348
541020-7657,SE8902TCCK48879115025867
810516-5800,SE8902WATX62152063702344
810516-5800,SE8902TBOJ86049292227405
810516-5800,SE8902OATV02658940061811
020711-6625,SE8902HLML76292022524770
790105-4275,SE8902GKEP38370221536247
790907-6270,SE8902UZBS49516417731818
380321-3721,SE8902OOLM49343686376830
880321-5667,SE8902SVQW25123995841385
600825-1057,SE8902WCIT71011280885223
940925-9703,SE8902JDXF35466571430209
750425-2219,SE8902LHUA50734331657544
750425-2219,SE8902UIXL22740523863004
750425-2219,SE8902NNNA87679319218094
750425-2219,SE8902MKGL15508437601995
391223-1101,SE8902VMHX62709096665480
850110-2126,SE8902DGXP57963435565595
850110-2126,SE8902GGWE97497502378359
500911-0213,SE8902RHZS07263432451114
691224-2689,SE8902MKFC17006139746737
691224-2689,SE8902FADN38705986955694
530116-4132,SE8902AHVW14609154839055
480913-1966,SE8902MPFF59071266405689
770714-3595,SE8902IOUR73096302679146
020129-8650,SE8902GZKU10549826849499
531001-9541,SE8902NILS51480673047457
990720-2171,SE8902EPZK82020056741347
990720-2171,SE8902WEPX09489049975102
990720-2171,SE8902NFEX92122769382579
990720-2171,SE8902RDOL83252725715066
990720-2171,SE8902DVSD57008700941701
990720-2171,SE8902DGXX88147139459340
710824-0206,SE8902VEMX25234923276716
710824-0206,SE8902IPMR06918676283049
760925-9945,SE8902ETCY90517906060184
720302-4638,SE8902PQAY31420284375015
710630-2347,SE8902ZRZI47417483372579
710630-2347,SE8902TCIS05326189768955
000121-2265,SE8902FHHP30665400671103
930305-9506,SE8902SUFL84984390436207
930305-9506,SE8902FBRS06307972224493
500523-1906,SE8902UTKC76119475507073
901114-1687,SE8902ZPHS02086856755015
901114-1687,SE8902PVDU32397262267370
610503-2723,SE8902FKXG94756014478535
010111-4825,SE8902BWOT03489901672599
010111-4825,SE8902ASFC38684084271407
010111-4825,SE8902ASTS23624054451805
860116-5080,SE8902CUNN22125220865735
860116-5080,SE8902RZVW68005461246316
421004-0905,SE8902FZYK87978190387699
650727-5763,SE8902QUFJ50463670043368
661005-6548,SE8902RPRH48981618994827
661005-6548,SE8902WYUG92028275995927
661005-6548,SE8902LCFU45262185232485
501225-9973,SE8902YRJE25577068372391
501225-9973,SE8902ZQSR31963404580039
501225-9973,SE8902SJVO55654185313291
630220-1436,SE8902PZCI77761871178523
630220-1436,SE8902TDQR72645888062798
580816-4684,SE8902NNNO44225102810397
700921-3088,SE8902EGRU04525904634974
691125-3695,SE8902AAOA59642017060227
871118-1928,SE8902YSLL26649994554341
710507-3238,SE8902JONV09925711868012
710507-3238,SE8902FOXC84791598609467
351129-4161,SE8902GREW10972860106946
800426-6428,SE8902GBGP44172108348620
870720-1813,SE8902AJSV94182461717656
870720-1813,SE8902IKUU90169881819014
991106-3973,SE8902ZDZF35824709915348
991106-3973,SE8902PFYI37989903515742
991106-3973,SE8902VABD28433519743158
560513-7834,SE8902LNMM65005427787530
560513-7834,SE8902TVXK53170573534289
770716-1829,SE8902UUTG33531545423098
770716-1829,SE8902TGSS63115928762234
770716-1829,SE8902ENZW25848870664611
770716-1829,SE8902KVOL90407760349687
420515-5866,SE8902GXQE70403294190338
420515-5866,SE8902TSIH97788635751412
630711-4477,SE8902TXWD68698852887733
630711-4477,SE8902YWZE35031868738690
461117-4469,SE8902TTRQ67764510281897
461117-4469,SE8902QILJ09667839424264
581122-2255,SE8902GBSN65881879746261
860227-5433,SE8902SYOK34574595890962
580504-0457,SE8902TGDM09742731733206
380415-5368,SE8902RUPP97970833512919
430221-9953,SE8902FITK67729451632648
430221-9953,SE8902YARE38911515845364
750620-1875,SE8902ZEJN42200086959831
920507-6327,SE8902VBPS31468933549596
920507-6327,SE8902DORF63489542240166
510619-2601,SE8902RLXE45562764852432
780628-1619,SE8902XZAS22158117574887
780628-1619,SE8902ARJI52424267786590
460327-4996,SE8902PZDL59107473276443
460327-4996,SE8902PEZC68306534625963
380222-3051,SE8902PDPB59162046614533
380222-3051,SE8902GYOM68592348894619
381123-2937,SE8902ZBRA01455414601958
420409-4124,SE8902QZNU18414720978758
480314-7307,SE8902FXEO42999261877496
480314-7307,SE8902YFAI41572077231677
480314-7307,SE8902VUUX56420531096812
851104-3807,SE8902TEYP63912424658963
720217-9342,SE8902JPEZ29549435970218
